{"properties":{"connectionReferences":{"shared_commondataserviceforapps_1":{"runtimeSource":"embedded","connection":{"connectionReferenceLogicalName":"msft_MSFTIOSRMicrosoftDataverse"},"api":{"name":"shared_commondataserviceforapps"}},"shared_office365_1":{"runtimeSource":"embedded","connection":{"connectionReferenceLogicalName":"msft_MSFTIOSROffice365Outlook"},"api":{"name":"shared_office365"}}},"definition":{"$schema":"https://schema.management.azure.com/providers/Microsoft.Logic/schemas/2016-06-01/workflowdefinition.json#","contentVersion":"1.0.0.0","parameters":{"$connections":{"defaultValue":{},"type":"Object"},"$authentication":{"defaultValue":{},"type":"SecureObject"}},"triggers":{"When_Session_is_Critical_Updated":{"type":"OpenApiConnectionWebhook","inputs":{"host":{"connectionName":"shared_commondataserviceforapps_1","operationId":"SubscribeWebhookTrigger","apiId":"/providers/Microsoft.PowerApps/apis/shared_commondataserviceforapps"},"parameters":{"subscriptionRequest/message":3,"subscriptionRequest/entityname":"msevtmgt_session","subscriptionRequest/scope":4,"subscriptionRequest/filteringattributes":"msft_criticalupdate","subscriptionRequest/filterexpression":"msft_criticalupdate eq true and msevtmgt_publishstatus eq 100000003"},"authentication":"@parameters('$authentication')"}}},"actions":{"Check_For_Event":{"actions":{},"runAfter":{"EventTimeZone":["Succeeded"]},"else":{"actions":{"Get_Event":{"runAfter":{},"type":"OpenApiConnection","inputs":{"host":{"connectionName":"shared_commondataserviceforapps_1","operationId":"GetItem","apiId":"/providers/Microsoft.PowerApps/apis/shared_commondataserviceforapps"},"parameters":{"entityName":"msevtmgt_events","recordId":"@triggerOutputs()?['body/_msevtmgt_event_value']","$select":"msevtmgt_eventtimezone"},"authentication":"@parameters('$authentication')"}},"Get_TimezoneDefinitions":{"runAfter":{"Get_Event":["Succeeded"]},"type":"OpenApiConnection","inputs":{"host":{"connectionName":"shared_commondataserviceforapps_1","operationId":"ListRecords","apiId":"/providers/Microsoft.PowerApps/apis/shared_commondataserviceforapps"},"parameters":{"entityName":"timezonedefinitions","$filter":"timezonecode eq @{outputs('Get_Event')?['body/msevtmgt_eventtimezone']}"},"authentication":"@parameters('$authentication')"}},"Apply_to_each_TimezoneDefinition":{"foreach":"@outputs('Get_TimezoneDefinitions')?['body/value']","actions":{"Set_EventTimeZone":{"runAfter":{},"type":"SetVariable","inputs":{"name":"EventTimeZone","value":"@items('Apply_to_each_TimezoneDefinition')?['standardname']"}}},"runAfter":{"Get_TimezoneDefinitions":["Succeeded"]},"type":"Foreach"},"StartTime":{"runAfter":{"Apply_to_each_TimezoneDefinition":["Succeeded"]},"type":"Expression","kind":"ConvertTimeZone","inputs":{"baseTime":"@triggerOutputs()?['body/msevtmgt_starttime']","formatString":"g","sourceTimeZone":"UTC","destinationTimeZone":"UTC"}},"EndTime":{"runAfter":{"StartTime":["Succeeded"]},"type":"Expression","kind":"ConvertTimeZone","inputs":{"baseTime":"@triggerOutputs()?['body/msevtmgt_endtime']","formatString":"g","sourceTimeZone":"UTC","destinationTimeZone":"UTC"}},"List_SessionRegistrations":{"runAfter":{"EndTime":["Succeeded"]},"type":"OpenApiConnection","inputs":{"host":{"connectionName":"shared_commondataserviceforapps_1","operationId":"ListRecords","apiId":"/providers/Microsoft.PowerApps/apis/shared_commondataserviceforapps"},"parameters":{"entityName":"msevtmgt_sessionregistrations","fetchXml":"<fetch version=\"1.0\" output-format=\"xml-platform\" mapping=\"logical\" distinct=\"false\">\n  <entity name=\"msevtmgt_sessionregistration\">\n    <attribute name=\"msevtmgt_name\" />\n    <attribute name=\"createdon\" />\n    <attribute name=\"msevtmgt_contactid\" />\n    <attribute name=\"msevtmgt_sessionid\" />\n<attribute name=\"msft_outlookcalendarid\" />\n    <attribute name=\"msevtmgt_sessionregistrationid\" />\n    <order attribute=\"msevtmgt_name\" descending=\"false\" />\n    <filter type=\"and\">\n      <condition attribute=\"msevtmgt_sessionid\" operator=\"eq\" uitype=\"msevtmgt_session\" value=\"{@{triggerOutputs()?['body/msevtmgt_sessionid']}}\" />\n      <condition attribute=\"statecode\" operator=\"eq\" value=\"0\" />\n    </filter>\n    <link-entity name=\"contact\" from=\"contactid\" to=\"msevtmgt_contactid\" visible=\"false\" link-type=\"outer\" alias=\"contactAlias\">\n      <attribute name=\"emailaddress1\" />\n<attribute name=\"fullname\" />\n    </link-entity>\n  </entity>\n</fetch>"},"authentication":"@parameters('$authentication')"}},"Apply_to_each_SessionRegistration":{"foreach":"@outputs('List_SessionRegistrations')?['body/value']","actions":{"Check_For_OutlookCalendarId":{"actions":{"Create_event_(V4)":{"runAfter":{},"type":"OpenApiConnection","inputs":{"host":{"connectionName":"shared_office365_1","operationId":"V4CalendarPostItem","apiId":"/providers/Microsoft.PowerApps/apis/shared_office365"},"parameters":{"table":"AQMkAGUwYmViNTkzLWUwYmEtNGE0ZC04NjAyLTMwNTIxNjRmODE3OABGAAADQRtJx-2Hr0KGYv2pAle9GwcAhPk9RTGpZ0qefQGHAxbdNwAAAgEGAAAAhPk9RTGpZ0qefQGHAxbdNwAAAnheAAAA","item/subject":"Thank you for registering to Session: @{triggerOutputs()?['body/msevtmgt_name']}","item/start":"@body('StartTime')","item/end":"@body('EndTime')","item/timeZone":"@variables('EventTimeZone')","item/requiredAttendees":"@items('Apply_to_each_SessionRegistration')?['contactAlias.emailaddress1']","item/body":"<p> Hello  @{items('Apply_to_each_SessionRegistration')?['contactAlias.fullname']}</p>\n</br>\n</br>\n<p>Thank you for dedicating time and registering for training. The training event you registered for &nbsp;</p>\n<p><b>Session</b>: @{triggerOutputs()?['body/msevtmgt_name']} </p>\n<p><b>Date</b>:  @{body('StartTime')}-  @{body('EndTime')} (@{variables('EventTimeZone')})</p>\n<p>If you wish to reschedule, please contact point of contact</p>"},"authentication":"@parameters('$authentication')"}},"Update_OutlookCalendarId_on_SessionRegistration":{"runAfter":{"Create_event_(V4)":["Succeeded"]},"type":"OpenApiConnection","inputs":{"host":{"connectionName":"shared_commondataserviceforapps_1","operationId":"UpdateRecord","apiId":"/providers/Microsoft.PowerApps/apis/shared_commondataserviceforapps"},"parameters":{"entityName":"msevtmgt_sessionregistrations","recordId":"@items('Apply_to_each_SessionRegistration')?['msevtmgt_sessionregistrationid']","item/msft_outlookcalendarid":"@outputs('Create_event_(V4)')?['body/id']"},"authentication":"@parameters('$authentication')"}}},"runAfter":{},"else":{"actions":{"Update_event_(V4)":{"runAfter":{},"type":"OpenApiConnection","inputs":{"host":{"connectionName":"shared_office365_1","operationId":"V4CalendarPatchItem","apiId":"/providers/Microsoft.PowerApps/apis/shared_office365"},"parameters":{"table":"AQMkAGUwYmViNTkzLWUwYmEtNGE0ZC04NjAyLTMwNTIxNjRmODE3OABGAAADQRtJx-2Hr0KGYv2pAle9GwcAhPk9RTGpZ0qefQGHAxbdNwAAAgEGAAAAhPk9RTGpZ0qefQGHAxbdNwAAAnheAAAA","id":"@items('Apply_to_each_SessionRegistration')?['msft_outlookcalendarid']","item/subject":"Updated Details of the Session: @{triggerOutputs()?['body/msevtmgt_name']}","item/start":"@body('StartTime')","item/end":"@body('EndTime')","item/timeZone":"@variables('EventTimeZone')","item/requiredAttendees":"@items('Apply_to_each_SessionRegistration')?['contactAlias.emailaddress1']","item/body":"<p> Hello  @{items('Apply_to_each_SessionRegistration')?['contactAlias.fullname']}</p>\n</br>\n</br>\n<p>Thank you for dedicating time and registering for training. The training event you registered for &nbsp;</p>\n<p><b>Session</b>: @{triggerOutputs()?['body/msevtmgt_name']} </p>\n<p><b>Date</b>:  @{body('StartTime')}-  @{body('EndTime')} (@{variables('EventTimeZone')})</p>\n<p>If you wish to reschedule, please contact point of contact</p>"},"authentication":"@parameters('$authentication')"}}}},"expression":{"equals":["@empty(items('Apply_to_each_SessionRegistration')?['msft_outlookcalendarid'])","@true"]},"type":"If"}},"runAfter":{"List_SessionRegistrations":["Succeeded"]},"type":"Foreach"}}},"expression":{"equals":["@empty(triggerOutputs()?['body/_msevtmgt_event_value'])","@true"]},"type":"If"},"EventTimeZone":{"runAfter":{},"type":"InitializeVariable","inputs":{"variables":[{"name":"EventTimeZone","type":"string"}]}},"Update_CriticalUpdate_on_Session_to_False":{"runAfter":{"Check_For_Event":["Succeeded"]},"type":"OpenApiConnection","inputs":{"host":{"connectionName":"shared_commondataserviceforapps_1","operationId":"UpdateRecord","apiId":"/providers/Microsoft.PowerApps/apis/shared_commondataserviceforapps"},"parameters":{"entityName":"msevtmgt_sessions","recordId":"@triggerOutputs()?['body/msevtmgt_sessionid']","item/msft_criticalupdate":false},"authentication":"@parameters('$authentication')"}}},"outputs":{}}},"schemaVersion":"1.0.0.0"}