{"properties":{"connectionReferences":{"shared_commondataserviceforapps":{"runtimeSource":"embedded","connection":{"connectionReferenceLogicalName":"msft_sharedcommondataserviceforapps_f6dee"},"api":{"name":"shared_commondataserviceforapps"}},"shared_office365":{"runtimeSource":"embedded","connection":{"connectionReferenceLogicalName":"msft_sharedoffice365_d529c"},"api":{"name":"shared_office365"}}},"definition":{"$schema":"https://schema.management.azure.com/providers/Microsoft.Logic/schemas/2016-06-01/workflowdefinition.json#","contentVersion":"1.0.0.0","parameters":{"$connections":{"defaultValue":{},"type":"Object"},"$authentication":{"defaultValue":{},"type":"SecureObject"}},"triggers":{"Trigger_When_Session_Publish_Status_=_Live":{"type":"OpenApiConnectionWebhook","inputs":{"host":{"connectionName":"shared_commondataserviceforapps","operationId":"SubscribeWebhookTrigger","apiId":"/providers/Microsoft.PowerApps/apis/shared_commondataserviceforapps"},"parameters":{"subscriptionRequest/message":3,"subscriptionRequest/entityname":"msevtmgt_session","subscriptionRequest/scope":4,"subscriptionRequest/filterexpression":"msevtmgt_publishstatus eq 100000003"},"authentication":"@parameters('$authentication')"}}},"actions":{"Retrive_All_Session_Registration_for_a_Session":{"runAfter":{},"type":"OpenApiConnection","inputs":{"host":{"connectionName":"shared_commondataserviceforapps","operationId":"ListRecords","apiId":"/providers/Microsoft.PowerApps/apis/shared_commondataserviceforapps"},"parameters":{"entityName":"msevtmgt_sessionregistrations","$filter":"_msevtmgt_sessionid_value eq @{triggerOutputs()?['body/msevtmgt_sessionid']}"},"authentication":"@parameters('$authentication')"}},"Create_Invitation_for_Each_Registration":{"foreach":"@outputs('Retrive_All_Session_Registration_for_a_Session')?['body/value']","actions":{"Condition":{"actions":{"Update_a_row":{"runAfter":{"Create_event_(V4)":["Succeeded"]},"type":"OpenApiConnection","inputs":{"host":{"connectionName":"shared_commondataserviceforapps","operationId":"UpdateRecord","apiId":"/providers/Microsoft.PowerApps/apis/shared_commondataserviceforapps"},"parameters":{"entityName":"msevtmgt_sessionregistrations","recordId":"@items('Create_Invitation_for_Each_Registration')?['msevtmgt_sessionregistrationid']","item/msft_outlookcalendarid":"@outputs('Create_event_(V4)')?['body/id']"},"authentication":"@parameters('$authentication')"}},"Get_Contact":{"runAfter":{},"type":"OpenApiConnection","inputs":{"host":{"connectionName":"shared_commondataserviceforapps","operationId":"GetItem","apiId":"/providers/Microsoft.PowerApps/apis/shared_commondataserviceforapps"},"parameters":{"entityName":"contacts","recordId":"@items('Create_Invitation_for_Each_Registration')?['_msevtmgt_contactid_value']"},"authentication":"@parameters('$authentication')"}},"Create_event_(V4)":{"runAfter":{"Session_End_Time_Create":["Succeeded"]},"type":"OpenApiConnection","inputs":{"host":{"connectionName":"shared_office365","operationId":"V4CalendarPostItem","apiId":"/providers/Microsoft.PowerApps/apis/shared_office365"},"parameters":{"table":"AQMkAGUwYmViNTkzLWUwYmEtNGE0ZC04NjAyLTMwNTIxNjRmODE3OABGAAADQRtJx-2Hr0KGYv2pAle9GwcAhPk9RTGpZ0qefQGHAxbdNwAAAgEGAAAAhPk9RTGpZ0qefQGHAxbdNwAAAnheAAAA","item/subject":"Thank you for registering to @{triggerOutputs()?['body/msevtmgt_name']}","item/start":"@body('Session_Start_Time_Create')","item/end":"@body('Session_End_Time_Create')","item/timeZone":"@variables('Time Zone')","item/requiredAttendees":"@outputs('Get_Contact')?['body/emailaddress1']","item/body":"<p>Hello@{outputs('Get_Contact')?['body/fullname']} ,</p>\n<br/>\n<p>Thank you for registering to session. Please find session details.</p>\n<p>Session: @{triggerOutputs()?['body/msevtmgt_name']}</p>\n<p>Time : @{body('Session_Start_Time_Create')}-@{body('Session_End_Time_Create')}  -@{variables('Time Zone')}</p>\n<br/>\nRegards,\nMSFT Team."},"authentication":"@parameters('$authentication')"}},"Get_Event":{"runAfter":{"Get_Contact":["Succeeded"]},"type":"OpenApiConnection","inputs":{"host":{"connectionName":"shared_commondataserviceforapps","operationId":"GetItem","apiId":"/providers/Microsoft.PowerApps/apis/shared_commondataserviceforapps"},"parameters":{"entityName":"msevtmgt_events","recordId":"@items('Create_Invitation_for_Each_Registration')?['_msevtmgt_event_value']"},"authentication":"@parameters('$authentication')"}},"Get_Time_Zone":{"runAfter":{"Get_Event":["Succeeded"]},"type":"OpenApiConnection","inputs":{"host":{"connectionName":"shared_commondataserviceforapps","operationId":"ListRecords","apiId":"/providers/Microsoft.PowerApps/apis/shared_commondataserviceforapps"},"parameters":{"entityName":"timezonedefinitions","$filter":"timezonecode eq @{outputs('Get_Event')?['body/msevtmgt_eventtimezone']}","$top":1},"authentication":"@parameters('$authentication')"}},"Apply_to_each":{"foreach":"@outputs('Get_Time_Zone')?['body/value']","actions":{"Set_Time_Zone_Standard_Name":{"runAfter":{},"type":"SetVariable","inputs":{"name":"Time Zone","value":"@items('Apply_to_each')?['standardname']"}}},"runAfter":{"Get_Time_Zone":["Succeeded"]},"type":"Foreach"},"Session_Start_Time_Create":{"runAfter":{"Apply_to_each":["Succeeded"]},"type":"Expression","kind":"ConvertTimeZone","inputs":{"baseTime":"@triggerOutputs()?['body/msevtmgt_starttime']","formatString":"g","sourceTimeZone":"UTC","destinationTimeZone":"UTC"}},"Session_End_Time_Create":{"runAfter":{"Session_Start_Time_Create":["Succeeded"]},"type":"Expression","kind":"ConvertTimeZone","inputs":{"baseTime":"@triggerOutputs()?['body/msevtmgt_endtime']","formatString":"g","sourceTimeZone":"UTC","destinationTimeZone":"UTC"}}},"runAfter":{},"else":{"actions":{"Get_Contact_Details":{"runAfter":{},"type":"OpenApiConnection","inputs":{"host":{"connectionName":"shared_commondataserviceforapps","operationId":"GetItem","apiId":"/providers/Microsoft.PowerApps/apis/shared_commondataserviceforapps"},"parameters":{"entityName":"contacts","recordId":"@items('Create_Invitation_for_Each_Registration')?['_msevtmgt_contactid_value']"},"authentication":"@parameters('$authentication')"}},"Update_event_(V4)":{"runAfter":{"End_time":["Succeeded"]},"type":"OpenApiConnection","inputs":{"host":{"connectionName":"shared_office365","operationId":"V4CalendarPatchItem","apiId":"/providers/Microsoft.PowerApps/apis/shared_office365"},"parameters":{"table":"AQMkAGUwYmViNTkzLWUwYmEtNGE0ZC04NjAyLTMwNTIxNjRmODE3OABGAAADQRtJx-2Hr0KGYv2pAle9GwcAhPk9RTGpZ0qefQGHAxbdNwAAAgEGAAAAhPk9RTGpZ0qefQGHAxbdNwAAAnheAAAA","id":"@items('Create_Invitation_for_Each_Registration')?['msft_outlookcalendarid']","item/subject":"Thank you for registering to @{triggerOutputs()?['body/msevtmgt_name']}","item/start":"@body('Start_Time')","item/end":"@body('End_time')","item/timeZone":"@variables('Time Zone')","item/requiredAttendees":"@outputs('Get_Contact_Details')?['body/emailaddress1']","item/body":"<p>Hello @{outputs('Get_Contact_Details')?['body/fullname']},</p>\n<br/>\n<p>Thank you for registering to session. Please find session details.</p>\n<p>Session:@{triggerOutputs()?['body/msevtmgt_name']} </p>\n<p>Time : @{body('Start_Time')}- @{body('End_time')} - @{variables('Time Zone')}</p>\n<br/>\nRegards,\nMSFT Team."},"authentication":"@parameters('$authentication')"}},"Update_a_row_2":{"runAfter":{"Update_event_(V4)":["Succeeded"]},"type":"OpenApiConnection","inputs":{"host":{"connectionName":"shared_commondataserviceforapps","operationId":"UpdateRecord","apiId":"/providers/Microsoft.PowerApps/apis/shared_commondataserviceforapps"},"parameters":{"entityName":"msevtmgt_sessionregistrations","recordId":"@items('Create_Invitation_for_Each_Registration')?['msevtmgt_sessionregistrationid']","item/msft_outlookcalendarid":"@outputs('Update_event_(V4)')?['body/id']"},"authentication":"@parameters('$authentication')"}},"Get_event_by_id":{"runAfter":{"Get_Contact_Details":["Succeeded"]},"type":"OpenApiConnection","inputs":{"host":{"connectionName":"shared_commondataserviceforapps","operationId":"GetItem","apiId":"/providers/Microsoft.PowerApps/apis/shared_commondataserviceforapps"},"parameters":{"entityName":"msevtmgt_events","recordId":"@items('Create_Invitation_for_Each_Registration')?['_msevtmgt_event_value']"},"authentication":"@parameters('$authentication')"}},"Get_time_defination_":{"runAfter":{"Get_event_by_id":["Succeeded"]},"type":"OpenApiConnection","inputs":{"host":{"connectionName":"shared_commondataserviceforapps","operationId":"ListRecords","apiId":"/providers/Microsoft.PowerApps/apis/shared_commondataserviceforapps"},"parameters":{"entityName":"timezonedefinitions","$filter":"timezonecode eq @{outputs('Get_event_by_id')?['body/msevtmgt_eventtimezone']}","$top":1},"authentication":"@parameters('$authentication')"}},"Apply_to_each_2":{"foreach":"@outputs('Get_time_defination_')?['body/value']","actions":{"set_time_zone":{"runAfter":{},"type":"SetVariable","inputs":{"name":"Time Zone","value":"@items('Apply_to_each_2')?['standardname']"}}},"runAfter":{"Get_time_defination_":["Succeeded"]},"type":"Foreach"},"Start_Time":{"runAfter":{"Apply_to_each_2":["Succeeded"]},"type":"Expression","kind":"ConvertTimeZone","inputs":{"baseTime":"@triggerOutputs()?['body/msevtmgt_starttime']","formatString":"g","sourceTimeZone":"UTC","destinationTimeZone":"UTC"}},"End_time":{"runAfter":{"Start_Time":["Succeeded"]},"type":"Expression","kind":"ConvertTimeZone","inputs":{"baseTime":"@triggerOutputs()?['body/msevtmgt_endtime']","formatString":"g","sourceTimeZone":"UTC","destinationTimeZone":"UTC"}}}},"expression":{"equals":["@items('Create_Invitation_for_Each_Registration')?['msft_outlookcalendarid']","@null"]},"type":"If"}},"runAfter":{"Time_Zone":["Succeeded"]},"type":"Foreach"},"Time_Zone":{"runAfter":{"Retrive_All_Session_Registration_for_a_Session":["Succeeded"]},"type":"InitializeVariable","inputs":{"variables":[{"name":"Time Zone","type":"string"}]}}},"outputs":{}}},"schemaVersion":"1.0.0.0"}