{"properties":{"connectionReferences":{"shared_commondataserviceforapps_2":{"runtimeSource":"embedded","connection":{"connectionReferenceLogicalName":"msft_MSFTIOERMicrosoftDataverse"},"api":{"name":"shared_commondataserviceforapps"}},"shared_office365_1":{"runtimeSource":"embedded","connection":{"connectionReferenceLogicalName":"msft_MSFTIOEROffice365Outlook"},"api":{"name":"shared_office365"}}},"definition":{"$schema":"https://schema.management.azure.com/providers/Microsoft.Logic/schemas/2016-06-01/workflowdefinition.json#","contentVersion":"1.0.0.0","parameters":{"$connections":{"defaultValue":{},"type":"Object"},"$authentication":{"defaultValue":{},"type":"SecureObject"}},"triggers":{"When_Event_is_Critically_Updated":{"type":"OpenApiConnectionWebhook","inputs":{"host":{"connectionName":"shared_commondataserviceforapps_2","operationId":"SubscribeWebhookTrigger","apiId":"/providers/Microsoft.PowerApps/apis/shared_commondataserviceforapps"},"parameters":{"subscriptionRequest/message":3,"subscriptionRequest/entityname":"msevtmgt_event","subscriptionRequest/scope":4,"subscriptionRequest/filteringattributes":"msft_criticalupdate","subscriptionRequest/filterexpression":"msft_criticalupdate eq true and msevtmgt_publishstatus eq 100000003"},"authentication":"@parameters('$authentication')"}}},"actions":{"EventTimezone":{"runAfter":{},"type":"InitializeVariable","inputs":{"variables":[{"name":"EventTimezone","type":"string"}]}},"Get_EventRegistrations_Related_Event":{"runAfter":{"EventTimezone":["Succeeded"]},"type":"OpenApiConnection","inputs":{"host":{"connectionName":"shared_commondataserviceforapps_2","operationId":"ListRecords","apiId":"/providers/Microsoft.PowerApps/apis/shared_commondataserviceforapps"},"parameters":{"entityName":"msevtmgt_eventregistrations","$select":"msevtmgt_name,_msevtmgt_contactid_value,msft_outlookcalendarid,msevtmgt_eventregistrationid","$filter":"_msevtmgt_eventid_value eq @{triggerOutputs()?['body/msevtmgt_eventid']}"},"authentication":"@parameters('$authentication')"}},"Check_for_EventRegistration_Count":{"actions":{},"runAfter":{"Get_EventRegistrations_Related_Event":["Succeeded"]},"else":{"actions":{"Get_Timezone_Definitions":{"runAfter":{},"type":"OpenApiConnection","inputs":{"host":{"connectionName":"shared_commondataserviceforapps_2","operationId":"ListRecords","apiId":"/providers/Microsoft.PowerApps/apis/shared_commondataserviceforapps"},"parameters":{"entityName":"timezonedefinitions","$filter":"timezonecode eq @{triggerOutputs()?['body/msevtmgt_eventtimezone']}"},"authentication":"@parameters('$authentication')"}},"Event_Start_Date":{"runAfter":{"Apply_to_each":["Succeeded"]},"type":"Expression","kind":"ConvertTimeZone","inputs":{"baseTime":"@triggerOutputs()?['body/msevtmgt_eventstartdate']","formatString":"g","sourceTimeZone":"UTC","destinationTimeZone":"UTC"}},"Event_End_Date":{"runAfter":{"Event_Start_Date":["Succeeded"]},"type":"Expression","kind":"ConvertTimeZone","inputs":{"baseTime":"@triggerOutputs()?['body/msevtmgt_eventenddate']","formatString":"g","sourceTimeZone":"UTC","destinationTimeZone":"UTC"}},"Apply_to_each":{"foreach":"@outputs('Get_Timezone_Definitions')?['body/value']","actions":{"Set_EventTimezone":{"runAfter":{},"type":"SetVariable","inputs":{"name":"EventTimezone","value":"@items('Apply_to_each')?['standardname']"}}},"runAfter":{"Get_Timezone_Definitions":["Succeeded"]},"type":"Foreach"},"Apply_to_each_EventRegistration":{"foreach":"@outputs('Get_EventRegistrations_Related_Event')?['body/value']","actions":{"Get_Contact":{"runAfter":{},"type":"OpenApiConnection","inputs":{"host":{"connectionName":"shared_commondataserviceforapps_2","operationId":"GetItem","apiId":"/providers/Microsoft.PowerApps/apis/shared_commondataserviceforapps"},"parameters":{"entityName":"contacts","recordId":"@items('Apply_to_each_EventRegistration')?['_msevtmgt_contactid_value']","$select":"emailaddress1,fullname"},"authentication":"@parameters('$authentication')"}},"Check_For_OutlookCalendarId":{"actions":{"Create_event_(V4)":{"runAfter":{},"type":"OpenApiConnection","inputs":{"host":{"connectionName":"shared_office365_1","operationId":"V4CalendarPostItem","apiId":"/providers/Microsoft.PowerApps/apis/shared_office365"},"parameters":{"table":"AQMkAGUwYmViNTkzLWUwYmEtNGE0ZC04NjAyLTMwNTIxNjRmODE3OABGAAADQRtJx-2Hr0KGYv2pAle9GwcAhPk9RTGpZ0qefQGHAxbdNwAAAgEGAAAAhPk9RTGpZ0qefQGHAxbdNwAAAnheAAAA","item/subject":"Thank you for registering the Event: @{triggerOutputs()?['body/msevtmgt_name']}-@{items('Apply_to_each_EventRegistration')?['msevtmgt_name']}","item/start":"@body('Event_Start_Date')","item/end":"@body('Event_End_Date')","item/timeZone":"@variables('EventTimezone')","item/requiredAttendees":"@outputs('Get_Contact')?['body/emailaddress1']","item/body":"<p> Hello  @{outputs('Get_Contact')?['body/fullname']}</p>\n</br>\n</br>\n<p>Thank you for dedicating time and registrating for training. The training session you registered for is coming up in a week.&nbsp;</p>\n<p><b>Event</b>: @{triggerOutputs()?['body/msevtmgt_name']} - @{items('Apply_to_each_EventRegistration')?['msevtmgt_name']}</p>\n<p><b>Date</b>: @{body('Event_Start_Date')} -  @{body('Event_End_Date')} (@{variables('EventTimeZone')})</p>\n<p>If you wish to reschedule, please reach out to point of contact</p>"},"authentication":"@parameters('$authentication')"}},"Update_EventRegistration_CalendarID":{"runAfter":{"Create_event_(V4)":["Succeeded"]},"type":"OpenApiConnection","inputs":{"host":{"connectionName":"shared_commondataserviceforapps_2","operationId":"UpdateRecord","apiId":"/providers/Microsoft.PowerApps/apis/shared_commondataserviceforapps"},"parameters":{"entityName":"msevtmgt_eventregistrations","recordId":"@items('Apply_to_each_EventRegistration')?['msevtmgt_eventregistrationid']","item/msft_outlookcalendarid":"@outputs('Create_event_(V4)')?['body/id']"},"authentication":"@parameters('$authentication')"}}},"runAfter":{"Get_Contact":["Succeeded"]},"else":{"actions":{"Update_event_(V4)":{"runAfter":{},"type":"OpenApiConnection","inputs":{"host":{"connectionName":"shared_office365_1","operationId":"V4CalendarPatchItem","apiId":"/providers/Microsoft.PowerApps/apis/shared_office365"},"parameters":{"table":"AQMkAGUwYmViNTkzLWUwYmEtNGE0ZC04NjAyLTMwNTIxNjRmODE3OABGAAADQRtJx-2Hr0KGYv2pAle9GwcAhPk9RTGpZ0qefQGHAxbdNwAAAgEGAAAAhPk9RTGpZ0qefQGHAxbdNwAAAnheAAAA","id":"@items('Apply_to_each_EventRegistration')?['msft_outlookcalendarid']","item/subject":"Updated Details of the Event: @{triggerOutputs()?['body/msevtmgt_name']}-@{items('Apply_to_each_EventRegistration')?['msevtmgt_name']}","item/start":"@body('Event_Start_Date')","item/end":"@body('Event_End_Date')","item/timeZone":"@variables('EventTimezone')","item/requiredAttendees":"@outputs('Get_Contact')?['body/emailaddress1']","item/body":"<p> Hello  @{outputs('Get_Contact')?['body/fullname']}</p>\n</br>\n</br>\n<p>Thank you for dedicating time and registrating for training. The training session you registered for is coming up in a week.&nbsp;</p>\n<p><b>Event</b>: @{triggerOutputs()?['body/msevtmgt_name']} - @{items('Apply_to_each_EventRegistration')?['msevtmgt_name']}</p>\n<p><b>Date</b>: @{body('Event_Start_Date')} -  @{body('Event_End_Date')} (@{variables('EventTimeZone')})</p>\n<p>If you wish to reschedule, please reach out to point of contact</p>"},"authentication":"@parameters('$authentication')"}}}},"expression":{"equals":["@empty(items('Apply_to_each_EventRegistration')?['msft_outlookcalendarid'])","@true"]},"type":"If"}},"runAfter":{"Event_End_Date":["Succeeded"]},"type":"Foreach"}}},"expression":{"equals":["@length(outputs('Get_EventRegistrations_Related_Event')?['body/value'])",0]},"type":"If"},"Update_Critical_Update_to_False_on_Event":{"runAfter":{"Check_for_EventRegistration_Count":["Succeeded"]},"type":"OpenApiConnection","inputs":{"host":{"connectionName":"shared_commondataserviceforapps_2","operationId":"UpdateRecord","apiId":"/providers/Microsoft.PowerApps/apis/shared_commondataserviceforapps"},"parameters":{"entityName":"msevtmgt_events","recordId":"@triggerOutputs()?['body/msevtmgt_eventid']","item/msft_criticalupdate":false},"authentication":"@parameters('$authentication')"}}},"outputs":{}}},"schemaVersion":"1.0.0.0"}