{"properties":{"connectionReferences":{"shared_commondataserviceforapps_1":{"runtimeSource":"embedded","connection":{"connectionReferenceLogicalName":"msft_MSFTIOERMicrosoftDataverse"},"api":{"name":"shared_commondataserviceforapps"}},"shared_office365_1":{"runtimeSource":"embedded","connection":{"connectionReferenceLogicalName":"msft_MSFTIOEROffice365Outlook"},"api":{"name":"shared_office365"}}},"definition":{"$schema":"https://schema.management.azure.com/providers/Microsoft.Logic/schemas/2016-06-01/workflowdefinition.json#","contentVersion":"1.0.0.0","parameters":{"$connections":{"defaultValue":{},"type":"Object"},"$authentication":{"defaultValue":{},"type":"SecureObject"}},"triggers":{"When_Event_Registration_is_Added":{"type":"OpenApiConnectionWebhook","inputs":{"host":{"connectionName":"shared_commondataserviceforapps_1","operationId":"SubscribeWebhookTrigger","apiId":"/providers/Microsoft.PowerApps/apis/shared_commondataserviceforapps"},"parameters":{"subscriptionRequest/message":1,"subscriptionRequest/entityname":"msevtmgt_eventregistration","subscriptionRequest/scope":4},"authentication":"@parameters('$authentication')"}}},"actions":{"Check_For_Event":{"actions":{},"runAfter":{"TimeZone":["Succeeded"]},"else":{"actions":{"Get_Events":{"runAfter":{},"type":"OpenApiConnection","inputs":{"host":{"connectionName":"shared_commondataserviceforapps_1","operationId":"GetItem","apiId":"/providers/Microsoft.PowerApps/apis/shared_commondataserviceforapps"},"parameters":{"entityName":"msevtmgt_events","recordId":"@triggerOutputs()?['body/_msevtmgt_eventid_value']","$select":"msevtmgt_name,msevtmgt_eventtimezone,msevtmgt_eventstartdate,msevtmgt_eventenddate"},"authentication":"@parameters('$authentication')"}},"Get_TimeZoneDefinitions":{"runAfter":{"Get_Events":["Succeeded"]},"type":"OpenApiConnection","inputs":{"host":{"connectionName":"shared_commondataserviceforapps_1","operationId":"ListRecords","apiId":"/providers/Microsoft.PowerApps/apis/shared_commondataserviceforapps"},"parameters":{"entityName":"timezonedefinitions","$filter":"timezonecode eq @{outputs('Get_Events')?['body/msevtmgt_eventtimezone']}"},"authentication":"@parameters('$authentication')"}},"Apply_to_each_Timezone":{"foreach":"@outputs('Get_TimeZoneDefinitions')?['body/value']","actions":{"Set_Timezone":{"runAfter":{},"type":"SetVariable","inputs":{"name":"TimeZone","value":"@items('Apply_to_each_Timezone')?['standardname']"}}},"runAfter":{"Get_TimeZoneDefinitions":["Succeeded"]},"type":"Foreach"},"Get_Contact":{"runAfter":{"EventEndDate":["Succeeded"]},"type":"OpenApiConnection","inputs":{"host":{"connectionName":"shared_commondataserviceforapps_1","operationId":"GetItem","apiId":"/providers/Microsoft.PowerApps/apis/shared_commondataserviceforapps"},"parameters":{"entityName":"contacts","recordId":"@triggerOutputs()?['body/_msevtmgt_contactid_value']","$select":"fullname,emailaddress1"},"authentication":"@parameters('$authentication')"}},"EventStartDate":{"runAfter":{"Apply_to_each_Timezone":["Succeeded"]},"type":"Expression","kind":"ConvertTimeZone","inputs":{"baseTime":"@outputs('Get_Events')?['body/msevtmgt_eventstartdate']","formatString":"g","sourceTimeZone":"UTC","destinationTimeZone":"UTC"}},"EventEndDate":{"runAfter":{"EventStartDate":["Succeeded"]},"type":"Expression","kind":"ConvertTimeZone","inputs":{"baseTime":"@outputs('Get_Events')?['body/msevtmgt_eventenddate']","formatString":"g","sourceTimeZone":"UTC","destinationTimeZone":"UTC"}},"Create_event_(V4)":{"runAfter":{"Get_Contact":["Succeeded"]},"type":"OpenApiConnection","inputs":{"host":{"connectionName":"shared_office365_1","operationId":"V4CalendarPostItem","apiId":"/providers/Microsoft.PowerApps/apis/shared_office365"},"parameters":{"table":"AQMkAGUwYmViNTkzLWUwYmEtNGE0ZC04NjAyLTMwNTIxNjRmODE3OABGAAADQRtJx-2Hr0KGYv2pAle9GwcAhPk9RTGpZ0qefQGHAxbdNwAAAgEGAAAAhPk9RTGpZ0qefQGHAxbdNwAAAnheAAAA","item/subject":"Thank you for registering for the Event: @{outputs('Get_Events')?['body/msevtmgt_name']}-@{triggerOutputs()?['body/msevtmgt_name']}","item/start":"@body('EventStartDate')","item/end":"@body('EventEndDate')","item/timeZone":"@variables('TimeZone')","item/requiredAttendees":"@outputs('Get_Contact')?['body/emailaddress1']","item/body":"<p> Hello  @{outputs('Get_Contact')?['body/fullname']}</p>\n</br>\n</br>\n<p>Thank you for dedicating time and registering for training. The training event you registered for &nbsp;</p>\n<p><b>Event</b>: @{outputs('Get_Events')?['body/msevtmgt_name']} </p>\n<p><b>Date</b>:  @{body('EventStartDate')}-  @{body('EventEndDate')} (@{variables('TimeZone')})</p>\n<p>If you wish to reschedule, please contact point of contact</p>"},"authentication":"@parameters('$authentication')"}},"Updating_Outlook_Calendar_Id_On_EventRegistration":{"runAfter":{"Create_event_(V4)":["Succeeded"]},"type":"OpenApiConnection","inputs":{"host":{"connectionName":"shared_commondataserviceforapps_1","operationId":"UpdateRecord","apiId":"/providers/Microsoft.PowerApps/apis/shared_commondataserviceforapps"},"parameters":{"entityName":"msevtmgt_eventregistrations","recordId":"@triggerOutputs()?['body/msevtmgt_eventregistrationid']","item/msft_outlookcalendarid":"@outputs('Create_event_(V4)')?['body/id']"},"authentication":"@parameters('$authentication')"}}}},"expression":{"equals":["@empty(triggerOutputs()?['body/_msevtmgt_eventid_value'])","@true"]},"type":"If"},"TimeZone":{"runAfter":{},"type":"InitializeVariable","inputs":{"variables":[{"name":"TimeZone","type":"string"}]}}},"outputs":{}}},"schemaVersion":"1.0.0.0"}