{"properties":{"connectionReferences":{"shared_commondataserviceforapps":{"runtimeSource":"embedded","connection":{"connectionReferenceLogicalName":"msft_sharedcommondataserviceforapps_f6dee"},"api":{"name":"shared_commondataserviceforapps"}},"shared_office365":{"runtimeSource":"embedded","connection":{"connectionReferenceLogicalName":"msft_sharedoffice365_d529c"},"api":{"name":"shared_office365"}}},"definition":{"$schema":"https://schema.management.azure.com/providers/Microsoft.Logic/schemas/2016-06-01/workflowdefinition.json#","contentVersion":"1.0.0.0","parameters":{"$connections":{"defaultValue":{},"type":"Object"},"$authentication":{"defaultValue":{},"type":"SecureObject"}},"triggers":{"Trigger_Event_Publish_Status_=_Live":{"type":"OpenApiConnectionWebhook","inputs":{"host":{"connectionName":"shared_commondataserviceforapps","operationId":"SubscribeWebhookTrigger","apiId":"/providers/Microsoft.PowerApps/apis/shared_commondataserviceforapps"},"parameters":{"subscriptionRequest/message":3,"subscriptionRequest/entityname":"msevtmgt_event","subscriptionRequest/scope":4,"subscriptionRequest/filterexpression":"msevtmgt_publishstatus eq 100000003"},"authentication":"@parameters('$authentication')"}}},"actions":{"Retrive_All_Event_Registration_for_a_Event":{"runAfter":{"End_Date":["Succeeded"]},"type":"OpenApiConnection","inputs":{"host":{"connectionName":"shared_commondataserviceforapps","operationId":"ListRecords","apiId":"/providers/Microsoft.PowerApps/apis/shared_commondataserviceforapps"},"parameters":{"entityName":"msevtmgt_eventregistrations","$filter":"_msevtmgt_eventid_value eq @{triggerOutputs()?['body/msevtmgt_eventid']}"},"authentication":"@parameters('$authentication')"}},"Create_Invitation_Each_Registration":{"foreach":"@outputs('Retrive_All_Event_Registration_for_a_Event')?['body/value']","actions":{"Check_Is_Outlook_Calender_id_Present_or_Not":{"actions":{"Create_event_(V4)":{"runAfter":{"Apply_to_each":["Succeeded"]},"type":"OpenApiConnection","inputs":{"host":{"connectionName":"shared_office365","operationId":"V4CalendarPostItem","apiId":"/providers/Microsoft.PowerApps/apis/shared_office365"},"parameters":{"table":"AQMkAGUwYmViNTkzLWUwYmEtNGE0ZC04NjAyLTMwNTIxNjRmODE3OABGAAADQRtJx-2Hr0KGYv2pAle9GwcAhPk9RTGpZ0qefQGHAxbdNwAAAgEGAAAAhPk9RTGpZ0qefQGHAxbdNwAAAnheAAAA","item/subject":"Thank you for Registering @{triggerOutputs()?['body/msevtmgt_name']}","item/start":"@body('Start_Date')","item/end":"@body('End_Date')","item/timeZone":"@variables('TimeZone')","item/requiredAttendees":"@outputs('Get_Contact_Details')?['body/emailaddress1']","item/body":"<p>Hello @{outputs('Get_Contact_Details')?['body/fullname']},</p>\n<br/>\n<p>Thank you for registering event. Please find event details.</p>\n<p>Event: @{triggerOutputs()?['body/msevtmgt_name']}</p>\n<p>Time :@{body('Start_Date')} - @{body('End_Date')} -@{variables('TimeZone')}</p>\n<br/>\nRegards,\nMSFT Team."},"authentication":"@parameters('$authentication')"}},"Get_Contact_Details":{"runAfter":{},"type":"OpenApiConnection","inputs":{"host":{"connectionName":"shared_commondataserviceforapps","operationId":"GetItem","apiId":"/providers/Microsoft.PowerApps/apis/shared_commondataserviceforapps"},"parameters":{"entityName":"contacts","recordId":"@items('Create_Invitation_Each_Registration')?['_msevtmgt_contactid_value']"},"authentication":"@parameters('$authentication')"}},"Update_Calender_Id":{"runAfter":{"Create_event_(V4)":["Succeeded"]},"type":"OpenApiConnection","inputs":{"host":{"connectionName":"shared_commondataserviceforapps","operationId":"UpdateRecord","apiId":"/providers/Microsoft.PowerApps/apis/shared_commondataserviceforapps"},"parameters":{"entityName":"msevtmgt_eventregistrations","recordId":"@items('Create_Invitation_Each_Registration')?['msevtmgt_eventregistrationid']","item/msft_outlookcalendarid":"@outputs('Create_event_(V4)')?['body/id']"},"authentication":"@parameters('$authentication')"}},"Get_Time_Zone":{"runAfter":{"Get_Contact_Details":["Succeeded"]},"type":"OpenApiConnection","inputs":{"host":{"connectionName":"shared_commondataserviceforapps","operationId":"ListRecords","apiId":"/providers/Microsoft.PowerApps/apis/shared_commondataserviceforapps"},"parameters":{"entityName":"timezonedefinitions","$filter":"timezonecode eq @{triggerOutputs()?['body/msevtmgt_eventtimezone']}","$top":1},"authentication":"@parameters('$authentication')"}},"Apply_to_each":{"foreach":"@outputs('Get_Time_Zone')?['body/value']","actions":{"Set_variable":{"runAfter":{},"type":"SetVariable","inputs":{"name":"TimeZone","value":"@items('Apply_to_each')?['standardname']"}}},"runAfter":{"Get_Time_Zone":["Succeeded"]},"type":"Foreach"}},"runAfter":{},"else":{"actions":{"Update_event_(V4)":{"runAfter":{"Apply_to_each_2":["Succeeded"]},"type":"OpenApiConnection","inputs":{"host":{"connectionName":"shared_office365","operationId":"V4CalendarPatchItem","apiId":"/providers/Microsoft.PowerApps/apis/shared_office365"},"parameters":{"table":"AQMkAGUwYmViNTkzLWUwYmEtNGE0ZC04NjAyLTMwNTIxNjRmODE3OABGAAADQRtJx-2Hr0KGYv2pAle9GwcAhPk9RTGpZ0qefQGHAxbdNwAAAgEGAAAAhPk9RTGpZ0qefQGHAxbdNwAAAnheAAAA","id":"@items('Create_Invitation_Each_Registration')?['msft_outlookcalendarid']","item/subject":"Thank you for Registering @{triggerOutputs()?['body/msevtmgt_name']}","item/start":"@body('Start_Date')","item/end":"@body('End_Date')","item/timeZone":"@variables('TimeZone')","item/requiredAttendees":"@outputs('Get_a_row_by_ID')?['body/emailaddress1']","item/body":"<p>Hello @{outputs('Get_a_row_by_ID')?['body/fullname']},</p>\n<br/>\n<p>Thank you for registering event. Please find event details.</p>\n<p>Event: @{triggerOutputs()?['body/msevtmgt_name']}</p>\n<p>Time : @{body('Start_Date')} -@{body('End_Date')}-@{variables('TimeZone')} </p>\n<br/>\n\nRegards,\nMSFT Team"},"authentication":"@parameters('$authentication')"}},"Get_a_row_by_ID":{"runAfter":{},"type":"OpenApiConnection","inputs":{"host":{"connectionName":"shared_commondataserviceforapps","operationId":"GetItem","apiId":"/providers/Microsoft.PowerApps/apis/shared_commondataserviceforapps"},"parameters":{"entityName":"contacts","recordId":"@items('Create_Invitation_Each_Registration')?['_msevtmgt_contactid_value']"},"authentication":"@parameters('$authentication')"}},"Update_a_row":{"runAfter":{"Update_event_(V4)":["Succeeded"]},"type":"OpenApiConnection","inputs":{"host":{"connectionName":"shared_commondataserviceforapps","operationId":"UpdateRecord","apiId":"/providers/Microsoft.PowerApps/apis/shared_commondataserviceforapps"},"parameters":{"entityName":"msevtmgt_eventregistrations","recordId":"@items('Create_Invitation_Each_Registration')?['msevtmgt_eventregistrationid']","item/msft_outlookcalendarid":"@outputs('Update_event_(V4)')?['body/id']"},"authentication":"@parameters('$authentication')"}},"Get_Time_Zone_Details":{"runAfter":{"Get_a_row_by_ID":["Succeeded"]},"type":"OpenApiConnection","inputs":{"host":{"connectionName":"shared_commondataserviceforapps","operationId":"ListRecords","apiId":"/providers/Microsoft.PowerApps/apis/shared_commondataserviceforapps"},"parameters":{"entityName":"timezonedefinitions","$filter":"timezonecode eq @{triggerOutputs()?['body/msevtmgt_eventtimezone']}","$top":1},"authentication":"@parameters('$authentication')"}},"Apply_to_each_2":{"foreach":"@outputs('Get_Time_Zone_Details')?['body/value']","actions":{"Set_variable_2":{"runAfter":{},"type":"SetVariable","inputs":{"name":"TimeZone","value":"@items('Apply_to_each_2')?['standardname']"}}},"runAfter":{"Get_Time_Zone_Details":["Succeeded"]},"type":"Foreach"}}},"expression":{"equals":["@items('Create_Invitation_Each_Registration')?['msft_outlookcalendarid']","@null"]},"type":"If"}},"runAfter":{"TimeZone":["Succeeded"]},"type":"Foreach"},"TimeZone":{"runAfter":{"Retrive_All_Event_Registration_for_a_Event":["Succeeded"]},"type":"InitializeVariable","inputs":{"variables":[{"name":"TimeZone","type":"string"}]}},"Start_Date":{"runAfter":{},"type":"Expression","kind":"ConvertTimeZone","inputs":{"baseTime":"@triggerOutputs()?['body/msevtmgt_eventstartdate']","formatString":"g","sourceTimeZone":"UTC","destinationTimeZone":"UTC"}},"End_Date":{"runAfter":{"Start_Date":["Succeeded"]},"type":"Expression","kind":"ConvertTimeZone","inputs":{"baseTime":"@triggerOutputs()?['body/msevtmgt_eventenddate']","formatString":"g","sourceTimeZone":"UTC","destinationTimeZone":"UTC"}}},"outputs":{}}},"schemaVersion":"1.0.0.0"}