{"properties":{"connectionReferences":{"shared_commondataserviceforapps_1":{"runtimeSource":"embedded","connection":{"connectionReferenceLogicalName":"msft_MSFTIOSRMicrosoftDataverse"},"api":{"name":"shared_commondataserviceforapps"}},"shared_office365_1":{"runtimeSource":"embedded","connection":{"connectionReferenceLogicalName":"msft_MSFTIOSROffice365Outlook"},"api":{"name":"shared_office365"}}},"definition":{"$schema":"https://schema.management.azure.com/providers/Microsoft.Logic/schemas/2016-06-01/workflowdefinition.json#","contentVersion":"1.0.0.0","parameters":{"$connections":{"defaultValue":{},"type":"Object"},"$authentication":{"defaultValue":{},"type":"SecureObject"}},"triggers":{"When_Session_Registration_is_Created":{"type":"OpenApiConnectionWebhook","inputs":{"host":{"connectionName":"shared_commondataserviceforapps_1","operationId":"SubscribeWebhookTrigger","apiId":"/providers/Microsoft.PowerApps/apis/shared_commondataserviceforapps"},"parameters":{"subscriptionRequest/message":1,"subscriptionRequest/entityname":"msevtmgt_sessionregistration","subscriptionRequest/scope":4},"authentication":"@parameters('$authentication')"}}},"actions":{"Get_Session":{"runAfter":{},"type":"OpenApiConnection","inputs":{"host":{"connectionName":"shared_commondataserviceforapps_1","operationId":"GetItem","apiId":"/providers/Microsoft.PowerApps/apis/shared_commondataserviceforapps"},"parameters":{"entityName":"msevtmgt_sessions","recordId":"@triggerOutputs()?['body/_msevtmgt_sessionid_value']","$select":"msevtmgt_starttime,msevtmgt_name,msevtmgt_endtime,_msevtmgt_event_value"},"authentication":"@parameters('$authentication')"}},"Check_For_Event":{"actions":{},"runAfter":{"EventTimeZone":["Succeeded"]},"else":{"actions":{"Get_Event":{"runAfter":{},"type":"OpenApiConnection","inputs":{"host":{"connectionName":"shared_commondataserviceforapps_1","operationId":"GetItem","apiId":"/providers/Microsoft.PowerApps/apis/shared_commondataserviceforapps"},"parameters":{"entityName":"msevtmgt_events","recordId":"@outputs('Get_Session')?['body/_msevtmgt_event_value']","$select":"msevtmgt_eventtimezone"},"authentication":"@parameters('$authentication')"}},"Get_TimeZone_Definitions":{"runAfter":{"Get_Event":["Succeeded"]},"type":"OpenApiConnection","inputs":{"host":{"connectionName":"shared_commondataserviceforapps_1","operationId":"ListRecords","apiId":"/providers/Microsoft.PowerApps/apis/shared_commondataserviceforapps"},"parameters":{"entityName":"timezonedefinitions","$filter":"timezonecode eq @{outputs('Get_Event')?['body/msevtmgt_eventtimezone']}"},"authentication":"@parameters('$authentication')"}},"Apply_to_each_Timezone":{"foreach":"@outputs('Get_TimeZone_Definitions')?['body/value']","actions":{"Set_EventTimeZone":{"runAfter":{},"type":"SetVariable","inputs":{"name":"EventTimeZone","value":"@items('Apply_to_each_Timezone')?['standardname']"}}},"runAfter":{"Get_TimeZone_Definitions":["Succeeded"]},"type":"Foreach"},"StartTime":{"runAfter":{"Apply_to_each_Timezone":["Succeeded"]},"type":"Expression","kind":"ConvertTimeZone","inputs":{"baseTime":"@outputs('Get_Session')?['body/msevtmgt_starttime']","formatString":"g","sourceTimeZone":"UTC","destinationTimeZone":"UTC"}},"EndTime":{"runAfter":{"StartTime":["Succeeded"]},"type":"Expression","kind":"ConvertTimeZone","inputs":{"baseTime":"@outputs('Get_Session')?['body/msevtmgt_endtime']","formatString":"g","sourceTimeZone":"UTC","destinationTimeZone":"UTC"}},"Get_Contacts":{"runAfter":{"EndTime":["Succeeded"]},"type":"OpenApiConnection","inputs":{"host":{"connectionName":"shared_commondataserviceforapps_1","operationId":"GetItem","apiId":"/providers/Microsoft.PowerApps/apis/shared_commondataserviceforapps"},"parameters":{"entityName":"contacts","recordId":"@triggerOutputs()?['body/_msevtmgt_contactid_value']","$select":"emailaddress1,fullname"},"authentication":"@parameters('$authentication')"}},"Create_event_(V4)":{"runAfter":{"Get_Contacts":["Succeeded"]},"type":"OpenApiConnection","inputs":{"host":{"connectionName":"shared_office365_1","operationId":"V4CalendarPostItem","apiId":"/providers/Microsoft.PowerApps/apis/shared_office365"},"parameters":{"table":"AQMkAGUwYmViNTkzLWUwYmEtNGE0ZC04NjAyLTMwNTIxNjRmODE3OABGAAADQRtJx-2Hr0KGYv2pAle9GwcAhPk9RTGpZ0qefQGHAxbdNwAAAgEGAAAAhPk9RTGpZ0qefQGHAxbdNwAAAnheAAAA","item/subject":"Thank you for registering for Session: @{outputs('Get_Session')?['body/msevtmgt_name']}","item/start":"@body('StartTime')","item/end":"@body('EndTime')","item/timeZone":"@variables('EventTimeZone')","item/requiredAttendees":"@outputs('Get_Contacts')?['body/emailaddress1']","item/body":"<p> Hello  @{outputs('Get_Contacts')?['body/fullname']}</p>\n</br>\n</br>\n<p>Thank you for dedicating time and registering for training. The training event you registered for &nbsp;</p>\n<p><b>Session</b>: @{outputs('Get_Session')?['body/msevtmgt_name']} </p>\n<p><b>Date</b>:  @{body('StartTime')}-  @{body('EndTime')} (@{variables('EventTimeZone')})</p>\n<p>If you wish to reschedule, please contact point of contact</p>"},"authentication":"@parameters('$authentication')"}},"Update_OutlookCalendarId_on_SessionRegistration":{"runAfter":{"Create_event_(V4)":["Succeeded"]},"type":"OpenApiConnection","inputs":{"host":{"connectionName":"shared_commondataserviceforapps_1","operationId":"UpdateRecord","apiId":"/providers/Microsoft.PowerApps/apis/shared_commondataserviceforapps"},"parameters":{"entityName":"msevtmgt_sessionregistrations","recordId":"@triggerOutputs()?['body/msevtmgt_sessionregistrationid']","item/msft_outlookcalendarid":"@outputs('Create_event_(V4)')?['body/id']"},"authentication":"@parameters('$authentication')"}}}},"expression":{"equals":["@empty(outputs('Get_Session')?['body/_msevtmgt_event_value'])","@true"]},"type":"If"},"EventTimeZone":{"runAfter":{"Get_Session":["Succeeded"]},"type":"InitializeVariable","inputs":{"variables":[{"name":"EventTimeZone","type":"string"}]}}},"outputs":{}}},"schemaVersion":"1.0.0.0"}