<ImportExportXml version="9.2.21073.130" SolutionPackageVersion="9.2" languagecode="1033" generatedBy="CrmLive" xmlns:xsi="http://www.w3.org/2001/XMLSchema-instance">
  <SolutionManifest>
    <UniqueName>InviteonSessionRegistration</UniqueName>
    <LocalizedNames>
      <LocalizedName description="MSFT Invite On Session Registration" languagecode="1033" />
    </LocalizedNames>
    <Descriptions />
    <Version>1.0.0.0</Version>
    <Managed>0</Managed>
    <Publisher>
      <UniqueName>msftmicrosoft</UniqueName>
      <LocalizedNames>
        <LocalizedName description="msftmicrosoft" languagecode="1033" />
      </LocalizedNames>
      <Descriptions />
      <EMailAddress xsi:nil="true"></EMailAddress>
      <SupportingWebsiteUrl xsi:nil="true"></SupportingWebsiteUrl>
      <CustomizationPrefix>msft</CustomizationPrefix>
      <CustomizationOptionValuePrefix>95160</CustomizationOptionValuePrefix>
      <Addresses>
        <Address>
          <AddressNumber>1</AddressNumber>
          <AddressTypeCode>1</AddressTypeCode>
          <City xsi:nil="true"></City>
          <County xsi:nil="true"></County>
          <Country xsi:nil="true"></Country>
          <Fax xsi:nil="true"></Fax>
          <FreightTermsCode xsi:nil="true"></FreightTermsCode>
          <ImportSequenceNumber xsi:nil="true"></ImportSequenceNumber>
          <Latitude xsi:nil="true"></Latitude>
          <Line1 xsi:nil="true"></Line1>
          <Line2 xsi:nil="true"></Line2>
          <Line3 xsi:nil="true"></Line3>
          <Longitude xsi:nil="true"></Longitude>
          <Name xsi:nil="true"></Name>
          <PostalCode xsi:nil="true"></PostalCode>
          <PostOfficeBox xsi:nil="true"></PostOfficeBox>
          <PrimaryContactName xsi:nil="true"></PrimaryContactName>
          <ShippingMethodCode>1</ShippingMethodCode>
          <StateOrProvince xsi:nil="true"></StateOrProvince>
          <Telephone1 xsi:nil="true"></Telephone1>
          <Telephone2 xsi:nil="true"></Telephone2>
          <Telephone3 xsi:nil="true"></Telephone3>
          <TimeZoneRuleVersionNumber xsi:nil="true"></TimeZoneRuleVersionNumber>
          <UPSZone xsi:nil="true"></UPSZone>
          <UTCOffset xsi:nil="true"></UTCOffset>
          <UTCConversionTimeZoneCode xsi:nil="true"></UTCConversionTimeZoneCode>
        </Address>
        <Address>
          <AddressNumber>2</AddressNumber>
          <AddressTypeCode>1</AddressTypeCode>
          <City xsi:nil="true"></City>
          <County xsi:nil="true"></County>
          <Country xsi:nil="true"></Country>
          <Fax xsi:nil="true"></Fax>
          <FreightTermsCode xsi:nil="true"></FreightTermsCode>
          <ImportSequenceNumber xsi:nil="true"></ImportSequenceNumber>
          <Latitude xsi:nil="true"></Latitude>
          <Line1 xsi:nil="true"></Line1>
          <Line2 xsi:nil="true"></Line2>
          <Line3 xsi:nil="true"></Line3>
          <Longitude xsi:nil="true"></Longitude>
          <Name xsi:nil="true"></Name>
          <PostalCode xsi:nil="true"></PostalCode>
          <PostOfficeBox xsi:nil="true"></PostOfficeBox>
          <PrimaryContactName xsi:nil="true"></PrimaryContactName>
          <ShippingMethodCode>1</ShippingMethodCode>
          <StateOrProvince xsi:nil="true"></StateOrProvince>
          <Telephone1 xsi:nil="true"></Telephone1>
          <Telephone2 xsi:nil="true"></Telephone2>
          <Telephone3 xsi:nil="true"></Telephone3>
          <TimeZoneRuleVersionNumber xsi:nil="true"></TimeZoneRuleVersionNumber>
          <UPSZone xsi:nil="true"></UPSZone>
          <UTCOffset xsi:nil="true"></UTCOffset>
          <UTCConversionTimeZoneCode xsi:nil="true"></UTCConversionTimeZoneCode>
        </Address>
      </Addresses>
    </Publisher>
    <RootComponents>
      <RootComponent type="1" schemaName="msevtmgt_session" behavior="1" />
      <RootComponent type="1" schemaName="msevtmgt_sessionregistration" behavior="1" />
      <RootComponent type="29" id="{4f146ee5-09ee-eb11-94ef-000d3a872ff6}" behavior="0" />
      <RootComponent type="29" id="{b4cc60f4-70ef-eb11-94ef-000d3a872ff6}" behavior="0" />
    </RootComponents>
    <MissingDependencies>
      <MissingDependency>
        <Required type="1" schemaName="msevtmgt_event" displayName="Event" solution="MicrosoftDynamics_EventManagement (1.12.1006.0)" />
        <Dependent type="29" displayName="[MSFT][IOSR] Create Invitation when Session Registration is Created" id="{4f146ee5-09ee-eb11-94ef-000d3a872ff6}" />
      </MissingDependency>
      <MissingDependency>
        <Required type="1" schemaName="msevtmgt_event" displayName="Event" solution="MicrosoftDynamics_EventManagement (1.12.1006.0)" />
        <Dependent type="29" displayName="[MSFT][IOSR] Send Invitation on Critical Update of Session" id="{b4cc60f4-70ef-eb11-94ef-000d3a872ff6}" />
      </MissingDependency>
      <MissingDependency>
        <Required type="1" schemaName="msevtmgt_session" displayName="Session" solution="MicrosoftDynamics_EventManagement (1.12.1006.0)" />
        <Dependent type="1" schemaName="msevtmgt_session" displayName="Session" />
      </MissingDependency>
      <MissingDependency>
        <Required type="1" schemaName="msevtmgt_session" displayName="Session" solution="MicrosoftDynamics_EventManagement (1.12.1006.0)" />
        <Dependent type="2" schemaName="msft_criticalupdate" displayName="Critical Update" parentSchemaName="msevtmgt_session" parentDisplayName="Session" />
      </MissingDependency>
      <MissingDependency>
        <Required type="1" schemaName="msevtmgt_session" displayName="Session" solution="MicrosoftDynamics_EventManagement (1.12.1006.0)" />
        <Dependent type="29" displayName="[MSFT][IOSR] Create Invitation when Session Registration is Created" id="{4f146ee5-09ee-eb11-94ef-000d3a872ff6}" />
      </MissingDependency>
      <MissingDependency>
        <Required type="1" schemaName="msevtmgt_session" displayName="Session" solution="MicrosoftDynamics_EventManagement (1.12.1006.0)" />
        <Dependent type="29" displayName="[MSFT][IOSR] Send Invitation on Critical Update of Session" id="{b4cc60f4-70ef-eb11-94ef-000d3a872ff6}" />
      </MissingDependency>
      <MissingDependency>
        <Required type="1" schemaName="msevtmgt_sessionregistration" displayName="Session Registration" solution="MicrosoftDynamics_EventManagement (1.12.1006.0)" />
        <Dependent type="1" schemaName="msevtmgt_sessionregistration" displayName="Session Registration" />
      </MissingDependency>
      <MissingDependency>
        <Required type="1" schemaName="msevtmgt_sessionregistration" displayName="Session Registration" solution="MicrosoftDynamics_EventManagement (1.12.1006.0)" />
        <Dependent type="2" schemaName="msft_outlookcalendarid" displayName="Outlook Calendar ID" parentSchemaName="msevtmgt_sessionregistration" parentDisplayName="Session Registration" />
      </MissingDependency>
      <MissingDependency>
        <Required type="1" schemaName="msevtmgt_sessionregistration" displayName="Session Registration" solution="MicrosoftDynamics_EventManagement (1.12.1006.0)" />
        <Dependent type="29" displayName="[MSFT][IOSR] Create Invitation when Session Registration is Created" id="{4f146ee5-09ee-eb11-94ef-000d3a872ff6}" />
      </MissingDependency>
      <MissingDependency>
        <Required type="1" schemaName="msevtmgt_sessionregistration" displayName="Session Registration" solution="MicrosoftDynamics_EventManagement (1.12.1006.0)" />
        <Dependent type="29" displayName="[MSFT][IOSR] Send Invitation on Critical Update of Session" id="{b4cc60f4-70ef-eb11-94ef-000d3a872ff6}" />
      </MissingDependency>
    </MissingDependencies>
  </SolutionManifest>
</ImportExportXml>